<?xml version="1.0" encoding="UTF-8"?>
<project-private xmlns="http://www.netbeans.org/ns/project-private/1">
    <editor-bookmarks xmlns="http://www.netbeans.org/ns/editor-bookmarks/2" lastBookmarkId="0"/>
    <open-files xmlns="http://www.netbeans.org/ns/projectui-open-files/2">
        <group>
            <file>file:/D:/xampp/htdocs/LDemo/login.php</file>
            <file>file:/D:/xampp/htdocs/LDemo/kosar.php</file>
            <file>file:/D:/xampp/htdocs/LDemo/register.php</file>
            <file>file:/D:/xampp/htdocs/LDemo/megtekint.php</file>
            <file>file:/D:/xampp/htdocs/LDemo/index2.php</file>
            <file>file:/D:/xampp/htdocs/LDemo/header.php</file>
            <file>file:/D:/xampp/htdocs/LDemo/index.php</file>
        </group>
    </open-files>
</project-private>
